,title,duration,url
0,"
Kinky Wired Pussy
","
00:51:25
",https://bdsmstreak.com/video/63175/kinky-wired-pussy
1,"
Electro Fisted Slut India Summer - Wired Pussy
","
00:26:00
",https://bdsmstreak.com/video/62302/electro-fisted-slut-india-summer-wired-pussy
2,"
Chanta Shocks Cunt
","
00:29:58
",https://bdsmstreak.com/video/61872/chanta-shocks-cunt
3,"
Electric Pain For Her Pussy
","
00:10:33
",https://bdsmstreak.com/video/61615/electric-pain-for-her-pussy
4,"
Two Sluts Electro Tortured
","
00:42:59
",https://bdsmstreak.com/video/61608/two-sluts-electro-tortured
5,"
Anikka Albrite in DB - 1
","
00:51:52
",https://bdsmstreak.com/video/61264/anikka-albrite-in-db-1
6,"
Electro and Ass Flogging
","
01:41:31
",https://bdsmstreak.com/video/61191/electro-and-ass-flogging
7,"
Lezdom Electro
","
00:57:41
",https://bdsmstreak.com/video/60976/lezdom-electro
8,"
Obedient nd Shocked
","
00:07:29
",https://bdsmstreak.com/video/60907/obedient-nd-shocked
9,"
Lezdom Electro Torture
","
00:22:57
",https://bdsmstreak.com/video/60707/lezdom-electro-torture
10,"
Electro Pain
","
00:12:34
",https://bdsmstreak.com/video/60679/electro-pain
11,"
Isabella Electro Tortured
","
00:06:49
",https://bdsmstreak.com/video/60677/isabella-electro-tortured
12,"
Interrogation electro torture
","
00:14:46
",https://bdsmstreak.com/video/60678/interrogation-electro-torture
13,"
Electro Play
","
00:08:28
",https://bdsmstreak.com/video/60675/electro-play
14,"
Luna Tortured
","
00:14:07
",https://bdsmstreak.com/video/60676/luna-tortured
15,"
Japanese Electro Torture Compilation
","
01:14:27
",https://bdsmstreak.com/video/60668/japanese-electro-torture-compilation
16,"
Insex 33, 423 and Sage - Electro Live Feed
","
01:24:23
",https://bdsmstreak.com/video/60524/insex-33-423-and-sage-electro-live-feed
17,"
Insex - Anna and 33
","
00:51:19
",https://bdsmstreak.com/video/60525/insex-anna-and-33
18,"
Insex 2003 - Electric Fantasy
","
00:47:18
",https://bdsmstreak.com/video/60516/insex-2003-electric-fantasy
19,"
Insex Live Feed 2004
","
01:24:23
",https://bdsmstreak.com/video/60408/insex-live-feed-2004
20,"
Insex - 2004 Live Feed Anna
","
00:51:19
",https://bdsmstreak.com/video/60409/insex-2004-live-feed-anna
21,"
Shocked While Hanging Around
","
00:07:44
",https://bdsmstreak.com/video/60390/shocked-while-hanging-around
22,"
Electro Torture of a Slave
","
00:17:24
",https://bdsmstreak.com/video/60182/electro-torture-of-a-slave
23,"
Electro Tortured - Vintage
","
00:06:24
",https://bdsmstreak.com/video/60004/electro-tortured-vintage
24,"
Electric Frame
","
00:11:18
",https://bdsmstreak.com/video/59974/electric-frame
25,"
Lily Labeau, Aiden Starr, Juliette March, Princess Donna
","
01:07:53
",https://bdsmstreak.com/video/59912/lily-labeau-aiden-starr-juliette-march-princess-donna
26,"
Princess Donna and Nicotine
","
00:57:53
",https://bdsmstreak.com/video/59913/princess-donna-and-nicotine
27,"
Vai, Jizz Lee, Syd Blakkovich, Princess Donna - Electro Lezdom
","
01:13:02
",https://bdsmstreak.com/video/59911/vai-jizz-lee-syd-blakkovich-princess-donna-electro-lezdom
28,"
Penny Flame and Christina Carter - WiredPussy
","
00:57:01
",https://bdsmstreak.com/video/59904/penny-flame-and-christina-carter-wiredpussy
29,"
Buzzing The Bitch
","
00:08:20
",https://bdsmstreak.com/video/59668/buzzing-the-bitch
30,"
Still buzzing
","
00:07:43
",https://bdsmstreak.com/video/59669/still-buzzing
31,"
Strill Buzzing - 2
","
00:06:53
",https://bdsmstreak.com/video/59670/strill-buzzing-2
32,"
Shock Electro Torture
","
00:09:58
",https://bdsmstreak.com/video/59652/shock-electro-torture
33,"
Elise Stretched To Cum
","
00:20:15
",https://bdsmstreak.com/video/59534/elise-stretched-to-cum
34,"
4some Electro Sluts
","
00:58:55
",https://bdsmstreak.com/video/59514/4some-electro-sluts
35,"
Shock Collar
","
00:05:47
",https://bdsmstreak.com/video/59282/shock-collar
36,"
A Bit Shocking
","
00:02:37
",https://bdsmstreak.com/video/59280/a-bit-shocking
37,"
Charlotte Brooke - Electrotorture
","
00:05:47
",https://bdsmstreak.com/video/58913/charlotte-brooke-electrotorture
38,"
Spy Violence - 11
","
03:00:24
",https://bdsmstreak.com/video/58719/spy-violence-11
39,"
Tandem 411 731
","
00:10:40
",https://bdsmstreak.com/video/58702/tandem-411-731
40,"
electricity CBT
","
00:04:59
",https://bdsmstreak.com/video/58648/electricity-cbt
41,"
Torture Box
","
00:28:34
",https://bdsmstreak.com/video/58620/torture-box
42,"
Electro Chair
","
00:27:00
",https://bdsmstreak.com/video/58619/electro-chair
43,"
GIMP Electro tortured
","
00:28:38
",https://bdsmstreak.com/video/58611/gimp-electro-tortured
44,"
London River - Electro Torture and Fear
","
00:49:09
",https://bdsmstreak.com/video/58395/london-river-electro-torture-and-fear
45,"
Surprise Shocking
","
00:16:02
",https://bdsmstreak.com/video/58378/surprise-shocking
46,"
Girl Cop
","
01:00:35
",https://bdsmstreak.com/video/58204/girl-cop
47,"
The Spy
","
03:00:24
",https://bdsmstreak.com/video/58046/the-spy
48,"
Suffering Shocks
","
00:03:28
",https://bdsmstreak.com/video/57929/suffering-shocks
49,"
Surprise Shocks
","
00:16:02
",https://bdsmstreak.com/video/57758/surprise-shocks
50,"
Shock Therapy - Lezdom
","
00:53:42
",https://bdsmstreak.com/video/57738/shock-therapy-lezdom
51,"
Electro and Flogging
","
00:10:21
",https://bdsmstreak.com/video/57718/electro-and-flogging
52,"
Princess Donna Delivers Electro Torture
","
01:08:11
",https://bdsmstreak.com/video/57703/princess-donna-delivers-electro-torture
53,"
Pussy Gets Electricity
","
00:10:33
",https://bdsmstreak.com/video/57687/pussy-gets-electricity
54,"
Bagged Up with Tens
","
00:31:37
",https://bdsmstreak.com/video/57623/bagged-up-with-tens
55,"
Another Night of Cunt Torture
","
00:09:04
",https://bdsmstreak.com/video/57487/another-night-of-cunt-torture
56,"
Charley Chase electro Session
","
01:02:50
",https://bdsmstreak.com/video/57247/charley-chase-electro-session
57,"
Tits are Fun
","
00:05:25
",https://bdsmstreak.com/video/57140/tits-are-fun
58,"
Insex - Electro
","
00:51:58
",https://bdsmstreak.com/video/56828/insex-electro
59,"
Wired Pussy - Lezdom
","
00:40:44
",https://bdsmstreak.com/video/56696/wired-pussy-lezdom
60,"
Eletric Pony
","
00:06:23
",https://bdsmstreak.com/video/56604/eletric-pony
61,"
Shocking Green
","
00:09:10
",https://bdsmstreak.com/video/56565/shocking-green
62,"
Handcuffed with Shock Collar
","
00:07:00
",https://bdsmstreak.com/video/56564/handcuffed-with-shock-collar
63,"
Electric Enema - Insex
","
00:49:47
",https://bdsmstreak.com/video/56504/electric-enema-insex
64,"
Wired Cunt
","
00:53:05
",https://bdsmstreak.com/video/56503/wired-cunt
65,"
Slave Cunt and Tit Torture
","
00:20:00
",https://bdsmstreak.com/video/56268/slave-cunt-and-tit-torture
66,"
Slave Cunt and Tit Torture - 2
","
00:15:27
",https://bdsmstreak.com/video/56269/slave-cunt-and-tit-torture-2
67,"
Picked Up By PD
","
00:51:46
",https://bdsmstreak.com/video/56243/picked-up-by-pd
68,"
Getting The bitch Fit
","
00:50:17
",https://bdsmstreak.com/video/56232/getting-the-bitch-fit
69,"
Needle Cunt Torture with Electro - 2
","
00:04:13
",https://bdsmstreak.com/video/56060/needle-cunt-torture-with-electro-2
70,"
Electro and Punishment
","
00:11:56
",https://bdsmstreak.com/video/56056/electro-and-punishment
71,"
Shock Therapy
","
00:27:16
",https://bdsmstreak.com/video/55886/shock-therapy
72,"
Parrot Perch Electro Torture
","
00:11:08
",https://bdsmstreak.com/video/55779/parrot-perch-electro-torture
73,"
Training Katerina with Shock Collar
","
00:03:23
",https://bdsmstreak.com/video/55561/training-katerina-with-shock-collar
74,"
Shannon Kelly in Wired Pussy
","
00:32:32
",https://bdsmstreak.com/video/55527/shannon-kelly-in-wired-pussy
75,"
Remy Lacroix - Electrosluts
","
00:57:41
",https://bdsmstreak.com/video/55488/remy-lacroix-electrosluts
76,"
Sissy Gets Electro
","
00:01:49
",https://bdsmstreak.com/video/55381/sissy-gets-electro
77,"
Wired - Queensnake
","
00:01:36
",https://bdsmstreak.com/video/55308/wired-queensnake
78,"
Hairbrush Machine
","
00:01:24
",https://bdsmstreak.com/video/55102/hairbrush-machine
79,"
Isis Love and Katie Kox
","
00:50:13
",https://bdsmstreak.com/video/55025/isis-love-and-katie-kox
80,"
Lezdom Subgirl Training
","
01:10:44
",https://bdsmstreak.com/video/54819/lezdom-subgirl-training
81,"
Isis Love and Katie Kox
","
00:50:13
",https://bdsmstreak.com/video/54816/isis-love-and-katie-kox
82,"
Gia DiMarco - Electro Lezdom
","
00:11:41
",https://bdsmstreak.com/video/54802/gia-dimarco-electro-lezdom
83,"
Isis Love and Katie Kox - Lezdom
","
00:50:13
",https://bdsmstreak.com/video/54797/isis-love-and-katie-kox-lezdom
84,"
Sasha Grey - Wired Pussy
","
01:00:26
",https://bdsmstreak.com/video/54497/sasha-grey-wired-pussy
85,"
MILF Domme's Chastity Slave
","
00:06:10
",https://bdsmstreak.com/video/54457/milf-domme-s-chastity-slave
86,"
Infernal Restraints - Lezdom Hardcore Session
","
01:04:14
",https://bdsmstreak.com/video/54335/infernal-restraints-lezdom-hardcore-session
87,"
Electro Sounding CBT
","
00:08:37
",https://bdsmstreak.com/video/54324/electro-sounding-cbt
88,"
Lesbian Anal Electro Domination
","
01:04:47
",https://bdsmstreak.com/video/53942/lesbian-anal-electro-domination
89,"
Amy Brooke with Lorelei Lee
","
01:00:43
",https://bdsmstreak.com/video/53939/amy-brooke-with-lorelei-lee
90,"
Princess Donna Dishing Out Electro Torture
","
00:15:33
",https://bdsmstreak.com/video/53825/princess-donna-dishing-out-electro-torture
91,"
Shocked
","
00:04:15
",https://bdsmstreak.com/video/53656/shocked
92,"
Shocked cunt
","
00:08:22
",https://bdsmstreak.com/video/53609/shocked-cunt
93,"
Slave Aijana
","
00:05:01
",https://bdsmstreak.com/video/53489/slave-aijana
94,"
Luna Electro Tortured
","
00:14:07
",https://bdsmstreak.com/video/53374/luna-electro-tortured
95,"
Shocks And Lone Time
","
00:26:43
",https://bdsmstreak.com/video/53261/shocks-and-lone-time
96,"
Electroplay with Forced Orgasm
","
00:21:31
",https://bdsmstreak.com/video/53200/electroplay-with-forced-orgasm
97,"
Worked Over - 1
","
00:34:07
",https://bdsmstreak.com/video/53186/worked-over-1
98,"
Electro Tortured Teen Slave
","
00:03:07
",https://bdsmstreak.com/video/53098/electro-tortured-teen-slave
99,"
Sandy Punished - Electro
","
00:03:58
",https://bdsmstreak.com/video/53021/sandy-punished-electro
100,"
Electro Femdom
","
00:05:30
",https://bdsmstreak.com/video/52927/electro-femdom
101,"
Electric Pet
","
00:22:50
",https://bdsmstreak.com/video/52875/electric-pet
102,"
Jennifer Lamonde - Anal Cock Shocks - Electro
","
00:06:30
",https://bdsmstreak.com/video/52725/jennifer-lamonde-anal-cock-shocks-electro
103,"
Electric Games
","
00:05:25
",https://bdsmstreak.com/video/52679/electric-games
104,"
Electro and Cock Sucking
","
00:54:16
",https://bdsmstreak.com/video/52574/electro-and-cock-sucking
105,"
Rubber Electric Femdom
","
00:26:25
",https://bdsmstreak.com/video/52521/rubber-electric-femdom
106,"
Lorelei Lee Dommes
","
01:00:43
",https://bdsmstreak.com/video/52294/lorelei-lee-dommes
107,"
Lesbian Anal Electro Games
","
01:04:47
",https://bdsmstreak.com/video/52295/lesbian-anal-electro-games
108,"
Tens with Latex Suit
","
00:08:20
",https://bdsmstreak.com/video/52269/tens-with-latex-suit
109,"
Two Sluts for One Domme
","
01:05:14
",https://bdsmstreak.com/video/52053/two-sluts-for-one-domme
110,"
Shocks and Needles CBT
","
00:12:28
",https://bdsmstreak.com/video/52025/shocks-and-needles-cbt
111,"
100 Shocks - CBT
","
00:11:37
",https://bdsmstreak.com/video/52024/100-shocks-cbt
112,"
Electro CBT Femdom
","
00:14:53
",https://bdsmstreak.com/video/51963/electro-cbt-femdom
113,"
Anal Electro Femdom
","
00:10:50
",https://bdsmstreak.com/video/51930/anal-electro-femdom
114,"
Making Her Boy Scream
","
00:19:54
",https://bdsmstreak.com/video/51887/making-her-boy-scream
115,"
Electro Lezdom Play
","
01:22:52
",https://bdsmstreak.com/video/51843/electro-lezdom-play
116,"
Answer The Questions
","
00:01:36
",https://bdsmstreak.com/video/51764/answer-the-questions
117,"
Painful Infernal Restraints Session - 2
","
00:40:05
",https://bdsmstreak.com/video/51721/painful-infernal-restraints-session-2
118,"
Painful Infernal Restraints Session
","
00:35:26
",https://bdsmstreak.com/video/51715/painful-infernal-restraints-session
119,"
Annie Cruz and Trina Michaels - Wired Pussy
","
00:57:08
",https://bdsmstreak.com/video/51633/annie-cruz-and-trina-michaels-wired-pussy
120,"
Electro Torture - Vintage
","
00:06:24
",https://bdsmstreak.com/video/51588/electro-torture-vintage
121,"
SocietySM - The Victim Part 2
","
00:21:16
",https://bdsmstreak.com/video/51407/societysm-the-victim-part-2
122,"
Shocked and Tortured
","
00:56:19
",https://bdsmstreak.com/video/51365/shocked-and-tortured
123,"
Electro Mummification
","
00:22:40
",https://bdsmstreak.com/video/51311/electro-mummification
124,"
Electro Tortured Duo
","
00:06:16
",https://bdsmstreak.com/video/51198/electro-tortured-duo
125,"
Femdom Electro Torture Session
","
00:19:54
",https://bdsmstreak.com/video/51086/femdom-electro-torture-session
126,"
Disobedient Slave
","
00:08:25
",https://bdsmstreak.com/video/51049/disobedient-slave
127,"
Powered Up
","
00:08:08
",https://bdsmstreak.com/video/50986/powered-up
128,"
 Electric CBT
","
00:01:20
",https://bdsmstreak.com/video/50338/electric-cbt
129,"
Two Electro Sluts
","
00:56:24
",https://bdsmstreak.com/video/50156/two-electro-sluts
130,"
Seda with Isis Love and Katie summers
","
00:45:29
",https://bdsmstreak.com/video/50096/seda-with-isis-love-and-katie-summers
131,"
Electro and Latex
","
00:08:00
",https://bdsmstreak.com/video/50079/electro-and-latex
132,"
Electro and Vibes
","
00:58:08
",https://bdsmstreak.com/video/49969/electro-and-vibes
133,"
Electro Tit Torture
","
00:07:27
",https://bdsmstreak.com/video/49952/electro-tit-torture
134,"
Insex - Kiwa
","
00:09:02
",https://bdsmstreak.com/video/49953/insex-kiwa
135,"
Training the Pussy Licker
","
00:14:11
",https://bdsmstreak.com/video/49446/training-the-pussy-licker
136,"
The Electro Bed
","
00:19:33
",https://bdsmstreak.com/video/49427/the-electro-bed
137,"
Tortured Blonde
","
00:23:06
",https://bdsmstreak.com/video/49330/tortured-blonde
138,"
912 and Electricity
","
00:10:55
",https://bdsmstreak.com/video/49325/912-and-electricity
139,"
Shocked Slave Suffering
","
00:26:43
",https://bdsmstreak.com/video/49164/shocked-slave-suffering
140,"
Japanese slave Torture
","
00:06:18
",https://bdsmstreak.com/video/48985/japanese-slave-torture
141,"
Electro CBT And Sounding in Suspension
","
00:04:19
",https://bdsmstreak.com/video/48940/electro-cbt-and-sounding-in-suspension
142,"
Hazel Hypnotic - Part 5
","
00:37:02
",https://bdsmstreak.com/video/48921/hazel-hypnotic-part-5
143,"
Electro Games - Femdom
","
00:12:09
",https://bdsmstreak.com/video/48793/electro-games-femdom
144,"
Amarna Miller - Electro Slut
","
00:08:35
",https://bdsmstreak.com/video/48588/amarna-miller-electro-slut
145,"
Princess Donna Dominating Nicotine
","
00:57:53
",https://bdsmstreak.com/video/48203/princess-donna-dominating-nicotine
146,"
Birthday Slut - Lexi Foxy Part 2
","
01:14:22
",https://bdsmstreak.com/video/48025/birthday-slut-lexi-foxy-part-2
147,"
The Electric Chastity Belt - Maledom
","
00:30:16
",https://bdsmstreak.com/video/48005/the-electric-chastity-belt-maledom
148,"
Katja Kassin - Wired Pussy
","
00:57:57
",https://bdsmstreak.com/video/47976/katja-kassin-wired-pussy
149,"
WiredPussy Lezdom from the Early Years
","
00:31:44
",https://bdsmstreak.com/video/47958/wiredpussy-lezdom-from-the-early-years
150,"
Wired Pussy - Princess Donna Dolore and Nicotine Shoot
","
00:57:53
",https://bdsmstreak.com/video/47930/wired-pussy-princess-donna-dolore-and-nicotine-shoot
151,"
Lezdom Clinic
","
01:07:35
",https://bdsmstreak.com/video/47799/lezdom-clinic
152,"
Shocked Slut - Lezdom
","
00:55:07
",https://bdsmstreak.com/video/47795/shocked-slut-lezdom
153,"
Therapy Pleasure
","
00:47:41
",https://bdsmstreak.com/video/47796/therapy-pleasure
154,"
Shocked Cunt
","
00:10:33
",https://bdsmstreak.com/video/47703/shocked-cunt
155,"
Clothespin and Electro Torture
","
00:10:11
",https://bdsmstreak.com/video/47633/clothespin-and-electro-torture
156,"
Lezdom Electro Play and Flogging
","
00:12:04
",https://bdsmstreak.com/video/47551/lezdom-electro-play-and-flogging
157,"
Torturing Elise Graves Part 2
","
00:22:29
",https://bdsmstreak.com/video/47351/torturing-elise-graves-part-2
158,"
Elise Graves is a Painslut
","
00:28:24
",https://bdsmstreak.com/video/47352/elise-graves-is-a-painslut
159,"
Torturing Elise Graves
","
00:34:52
",https://bdsmstreak.com/video/47350/torturing-elise-graves
160,"
Brunette in Training
","
00:07:19
",https://bdsmstreak.com/video/47262/brunette-in-training
161,"
Ms Dometria CBT With Electricity
","
00:10:52
",https://bdsmstreak.com/video/47253/ms-dometria-cbt-with-electricity
162,"
Outdoor Shocks
","
00:04:23
",https://bdsmstreak.com/video/47250/outdoor-shocks
163,"
Chastity Electro Shocks
","
00:03:01
",https://bdsmstreak.com/video/47249/chastity-electro-shocks
164,"
Electro Torture with Whipping
","
00:11:42
",https://bdsmstreak.com/video/47183/electro-torture-with-whipping
165,"
Shock the System - Chanel Preston and Chanell Heart
","
00:09:37
",https://bdsmstreak.com/video/47167/shock-the-system-chanel-preston-and-chanell-heart
166,"
IntoTheAttic - Syn Electro Play
","
00:35:24
",https://bdsmstreak.com/video/47114/intotheattic-syn-electro-play
167,"
Marley's BDSM Adventure
","
00:39:48
",https://bdsmstreak.com/video/47104/marley-s-bdsm-adventure
168,"
London River and Stephie Staar - Pain It Forward
","
00:59:41
",https://bdsmstreak.com/video/47064/london-river-and-stephie-staar-pain-it-forward
169,"
Electro Rack - Pain Play Maledom
","
00:19:56
",https://bdsmstreak.com/video/47014/electro-rack-pain-play-maledom
170,"
Flogging and Shocks
","
00:13:53
",https://bdsmstreak.com/video/47015/flogging-and-shocks
171,"
Electro Sluts with Aiden Starr
","
01:09:17
",https://bdsmstreak.com/video/47000/electro-sluts-with-aiden-starr
172,"
Orgasm and Electro Torture
","
00:50:57
",https://bdsmstreak.com/video/46994/orgasm-and-electro-torture
173,"
Claire Robbins Dominated By Aiden Starr
","
00:30:45
",https://bdsmstreak.com/video/46992/claire-robbins-dominated-by-aiden-starr
174,"
Shocks for Chastity Pet in Cage
","
00:07:36
",https://bdsmstreak.com/video/46876/shocks-for-chastity-pet-in-cage
175,"
Electrified Butt Box
","
00:11:45
",https://bdsmstreak.com/video/46827/electrified-butt-box
176,"
Wenona - Shocks in Restraints
","
00:13:32
",https://bdsmstreak.com/video/46651/wenona-shocks-in-restraints
177,"
Water and Electricity Enema
","
00:03:21
 ",https://bdsmstreak.com/video/46637/water-and-electricity-enema
178,"
Chimera - Shocks
","
00:16:03
",https://bdsmstreak.com/video/46617/chimera-shocks
179,"
Annabelle Lee in Wired Pussy
","
00:57:34
",https://bdsmstreak.com/video/46471/annabelle-lee-in-wired-pussy
180,"
Claire Robbins - Electro Sluts with Aiden Starr
","
00:30:45
",https://bdsmstreak.com/video/46419/claire-robbins-electro-sluts-with-aiden-starr
181,"
Bella Rossi - Electro Torture
","
00:25:20
",https://bdsmstreak.com/video/46211/bella-rossi-electro-torture
182,"
Jess Hooked Up and Electro Tormented
","
00:53:37
",https://bdsmstreak.com/video/46090/jess-hooked-up-and-electro-tormented
183,"
Shocked and Flogged Screamer
","
00:06:49
",https://bdsmstreak.com/video/46073/shocked-and-flogged-screamer
184,"
Electro Rack Torment
","
00:19:56
",https://bdsmstreak.com/video/46059/electro-rack-torment
185,"
Showcks for the Slave
","
00:05:52
",https://bdsmstreak.com/video/45980/showcks-for-the-slave
186,"
Lorelei Lee Electro Dominated by Bobbi Starr
","
00:25:00
",https://bdsmstreak.com/video/45867/lorelei-lee-electro-dominated-by-bobbi-starr
187,"
Shocking Fun
","
00:46:30
",https://bdsmstreak.com/video/45868/shocking-fun
188,"
Electric Frame
","
00:11:18
",https://bdsmstreak.com/video/45739/electric-frame
189,"
Femdom Torture
","
00:19:54
",https://bdsmstreak.com/video/45457/femdom-torture
190,"
Shock Collar
","
00:05:35
",https://bdsmstreak.com/video/45437/shock-collar
191,"
Self Bondage Electro
","
00:06:22
",https://bdsmstreak.com/video/45394/self-bondage-electro
192,"
Femdom Cattle Prod Interrogation
","
00:09:24
",https://bdsmstreak.com/video/45218/femdom-cattle-prod-interrogation
193,"
Latex Domme Sounds Cock
","
00:10:30
",https://bdsmstreak.com/video/45136/latex-domme-sounds-cock
194,"
Cybill Troy - Urethral Agony
","
00:10:29
",https://bdsmstreak.com/video/45131/cybill-troy-urethral-agony
195,"
Electro Bed
","
 00:19:33
",https://bdsmstreak.com/video/45026/electro-bed
196,"
Queensnake Torture
","
00:04:56
",https://bdsmstreak.com/video/44719/queensnake-torture
197,"
Capture Fantasy Play
","
00:42:59
",https://bdsmstreak.com/video/44679/capture-fantasy-play
198,"
Electric Cage - IR
","
00:15:13
",https://bdsmstreak.com/video/44566/electric-cage-ir
199,"
Aiden Starr and Princess Donna Dominating Two Girls
","
01:07:35
",https://bdsmstreak.com/video/44454/aiden-starr-and-princess-donna-dominating-two-girls
200,"
Electro Chastity Belt
","
00:30:16
",https://bdsmstreak.com/video/44206/electro-chastity-belt
201,"
Shocks in Chastity
","
00:03:25
",https://bdsmstreak.com/video/44197/shocks-in-chastity
202,"
Mistress Jasmine - Electro CBT
","
00:16:33
",https://bdsmstreak.com/video/44089/mistress-jasmine-electro-cbt
203,"
elite Pain Electro Torture and Punishment
","
00:17:06
",https://bdsmstreak.com/video/43970/elite-pain-electro-torture-and-punishment
204,"
The Bondage Piggy
","
00:35:25
",https://bdsmstreak.com/video/43924/the-bondage-piggy
205,"
Slave Electro Training
","
00:05:49
",https://bdsmstreak.com/video/43659/slave-electro-training
206,"
Torture Galaxy - Nailed Tits get Electro Torture
","
00:30:43
",https://bdsmstreak.com/video/43511/torture-galaxy-nailed-tits-get-electro-torture
207,"
Electro Lezdom Torture
","
00:38:24
",https://bdsmstreak.com/video/43474/electro-lezdom-torture
208,"
Bobbi Starr And Her Sluts
","
00:04:07
",https://bdsmstreak.com/video/43421/bobbi-starr-and-her-sluts
209,"
Rough Lezdom Electro
","
00:57:17
",https://bdsmstreak.com/video/43318/rough-lezdom-electro
210,"
needles and Electro torture
","
00:03:57
",https://bdsmstreak.com/video/43195/needles-and-electro-torture
211,"
Waterwheel Electro Torture
","
00:01:43
",https://bdsmstreak.com/video/43194/waterwheel-electro-torture
212,"
Pussy in Pain
","
00:02:15
",https://bdsmstreak.com/video/43192/pussy-in-pain
213,"
Bitch suffering
","
00:04:19
",https://bdsmstreak.com/video/43193/bitch-suffering
214,"
Kristina Rose - Wired Pussy
","
00:04:00
",https://bdsmstreak.com/video/43173/kristina-rose-wired-pussy
215,"
Stocked Slut - Sybil Hawthorne
","
00:32:32
",https://bdsmstreak.com/video/42922/stocked-slut-sybil-hawthorne
216,"
Lollicoon
","
00:08:43
",https://bdsmstreak.com/video/42848/lollicoon
217,"
Siouxsie Q - Farm Life part 2
","
00:50:10
",https://bdsmstreak.com/video/42837/siouxsie-q-farm-life-part-2
218,"
Sissy Maid Electro CBT
","
00:03:44
",https://bdsmstreak.com/video/42766/sissy-maid-electro-cbt
219,"
Cock Shocking
","
00:06:30
",https://bdsmstreak.com/video/42765/cock-shocking
220,"
Electro Pain - Homemade Maledom
","
00:12:34
",https://bdsmstreak.com/video/42764/electro-pain-homemade-maledom
221,"
Extreme Electro And Caning Torture
","
00:18:52
",https://bdsmstreak.com/video/42763/extreme-electro-and-caning-torture
222,"
Rubber Slave and TENS BDSM
","
00:08:00
",https://bdsmstreak.com/video/42463/rubber-slave-and-tens-bdsm
223,"
Water Box
","
00:36:55
",https://bdsmstreak.com/video/42443/water-box
224,"
Electro Torture with Extreme Whipping
","
00:13:51
",https://bdsmstreak.com/video/42287/electro-torture-with-extreme-whipping
225,"
Insex Electro Torture
","
00:10:55
",https://bdsmstreak.com/video/42286/insex-electro-torture
226,"
Kristine Andrews - Summer camp Part 2
","
00:35:29
",https://bdsmstreak.com/video/42169/kristine-andrews-summer-camp-part-2
227,"
ElitePain - Lie Detector
","
00:58:28
",https://bdsmstreak.com/video/42101/elitepain-lie-detector
228,"
Electro Interrogation - Japanese
","
00:07:00
",https://bdsmstreak.com/video/42006/electro-interrogation-japanese
229,"
Electro Trearment
","
00:05:45
",https://bdsmstreak.com/video/42005/electro-trearment
230,"
Realtime Bondage with Alisha Adams
","
01:34:31
",https://bdsmstreak.com/video/41867/realtime-bondage-with-alisha-adams
231,"
Realtime Bondage with Cici Rhodes
","
00:40:49
",https://bdsmstreak.com/video/41866/realtime-bondage-with-cici-rhodes
232,"
Realtime Bondage with Dee Williams
","
00:54:32
",https://bdsmstreak.com/video/41864/realtime-bondage-with-dee-williams
233,"
Torture of 1016 - Insex
","
00:39:01
",https://bdsmstreak.com/video/41839/torture-of-1016-insex
234,"
Hollie Stevens - IR PART 1
","
00:36:48
",https://bdsmstreak.com/video/41837/hollie-stevens-ir-part-1
235,"
Rubber Servant
","
00:51:06
",https://bdsmstreak.com/video/41823/rubber-servant
236,"
Insex - 62 and 912
 ","
01:29:31
",https://bdsmstreak.com/video/41810/insex-62-and-912
237,"
Insex - Lynne
","
01:06:26
",https://bdsmstreak.com/video/41793/insex-lynne
238,"
Elise Graves - Under Pressure
","
00:41:34
",https://bdsmstreak.com/video/41750/elise-graves-under-pressure
239,"
German Slave used in the Woods - Part 2
","
00:12:59
",https://bdsmstreak.com/video/41647/german-slave-used-in-the-woods-part-2
240,"
Wired Pussy Cunt Electro Torture
","
00:37:04
",https://bdsmstreak.com/video/41638/wired-pussy-cunt-electro-torture
241,"
Suffering Slave
","
00:04:19
",https://bdsmstreak.com/video/41614/suffering-slave
242,"
Insex Torture
","
00:10:55
",https://bdsmstreak.com/video/41615/insex-torture
243,"
Lorna - Torment and Electro
","
00:36:36
",https://bdsmstreak.com/video/41611/lorna-torment-and-electro
244,"
Duct Tape and Electro Torture
","
00:09:14
",https://bdsmstreak.com/video/41588/duct-tape-and-electro-torture
245,"
Cici Rhodes and Elise Graves
","
00:49:27
",https://bdsmstreak.com/video/41533/cici-rhodes-and-elise-graves
246,"
Electro Torture of Claire Adams
","
01:03:18
",https://bdsmstreak.com/video/41534/electro-torture-of-claire-adams
247,"
Paper Doll - Crystal Frost
","
00:50:43
",https://bdsmstreak.com/video/41528/paper-doll-crystal-frost
248,"
Fetish Puppy - Delirious Hunter
","
01:10:58
",https://bdsmstreak.com/video/41527/fetish-puppy-delirious-hunter
249,"
CeCe Larue - Dancing Doll
","
00:44:31
",https://bdsmstreak.com/video/41496/cece-larue-dancing-doll
250,"
Elise Graves - The Scream Test
","
00:06:29
",https://bdsmstreak.com/video/41362/elise-graves-the-scream-test
251,"
Dance Bitch Dance
","
00:08:08
",https://bdsmstreak.com/video/41336/dance-bitch-dance
252,"
Ashley Lane - Shock Therapy
","
00:37:41
",https://bdsmstreak.com/video/41318/ashley-lane-shock-therapy
253,"
Dominating with Electicity - Lesbian
","
00:17:52
",https://bdsmstreak.com/video/41248/dominating-with-electicity-lesbian
254,"
WP Lezdom
","
00:17:54
",https://bdsmstreak.com/video/41247/wp-lezdom
255,"
Wired Pussy - Lezdom
","
00:12:16
",https://bdsmstreak.com/video/41213/wired-pussy-lezdom
256,"
TENS for Pussy
","
00:26:31
",https://bdsmstreak.com/video/41201/tens-for-pussy
257,"
Shocking the Slave
","
00:21:06
",https://bdsmstreak.com/video/41202/shocking-the-slave
258,"
Siouxsie Q - Extreme Session
","
00:50:10
",https://bdsmstreak.com/video/41190/siouxsie-q-extreme-session
259,"
Roxanna Rae's Electro Torture
","
00:59:21
",https://bdsmstreak.com/video/41154/roxanna-rae-s-electro-torture
260,"
Queensnake.com - Taser
","
00:01:21
",https://bdsmstreak.com/video/41087/queensnake-com-taser
261,"
Pussy Electro Tortured
","
00:16:31
",https://bdsmstreak.com/video/41072/pussy-electro-tortured
262,"
Anal Hooked and Electro Tormented
","
00:43:57
",https://bdsmstreak.com/video/40939/anal-hooked-and-electro-tormented
263,"
Extreme BDSM with PD for London River
","
00:49:09
",https://bdsmstreak.com/video/40812/extreme-bdsm-with-pd-for-london-river
264,"
Mae Meyers - Electro Torment and Submission
","
01:19:51
",https://bdsmstreak.com/video/40757/mae-meyers-electro-torment-and-submission
265,"
Darling Submits to Princess Donna
","
00:49:16
",https://bdsmstreak.com/video/40753/darling-submits-to-princess-donna
266,"
Aiden Starr Has Her Way With Emma Haize
","
01:00:00
",https://bdsmstreak.com/video/40754/aiden-starr-has-her-way-with-emma-haize
267,"
Shannon Kelly - Electro Games
","
00:32:32
",https://bdsmstreak.com/video/40746/shannon-kelly-electro-games
268,"
Missy Martinez - Electro Lezdom
","
01:00:20
",https://bdsmstreak.com/video/40734/missy-martinez-electro-lezdom
269,"
Juliette Black - Electro Pain and Suffering in Ropes
","
00:44:00
",https://bdsmstreak.com/video/40709/juliette-black-electro-pain-and-suffering-in-ropes
270,"
Alisha Adams Suffers - Part 2
","
00:47:45
",https://bdsmstreak.com/video/40704/alisha-adams-suffers-part-2
271,"
Hadley Viscara's Electro Lezdom Domination
","
00:52:39
",https://bdsmstreak.com/video/40695/hadley-viscara-s-electro-lezdom-domination
272,"
Extreme Punishment - Caning and Electro Torture
","
00:18:52
",https://bdsmstreak.com/video/40634/extreme-punishment-caning-and-electro-torture
273,"
One Slave Girl - Two Dommes
","
00:57:17
",https://bdsmstreak.com/video/40632/one-slave-girl-two-dommes
274,"
Electric Torture
","
00:35:55
",https://bdsmstreak.com/video/40431/electric-torture
275,"
Shock and Orgasm Chair
","
00:08:08
",https://bdsmstreak.com/video/40327/shock-and-orgasm-chair
276,"
Brutal Use of Carter Cruise
","
00:26:18
",https://bdsmstreak.com/video/40010/brutal-use-of-carter-cruise
277,"
Electro - Lezdom Torture
","
00:10:49
",https://bdsmstreak.com/video/39959/electro-lezdom-torture
278,"
Princess Donna Dominating Charlee Chase
","
01:02:51
",https://bdsmstreak.com/video/39943/princess-donna-dominating-charlee-chase
279,"
Electro Rough Lezdom
","
01:08:25
",https://bdsmstreak.com/video/39879/electro-rough-lezdom
280,"
Slave Torture
","
00:46:31
",https://bdsmstreak.com/video/39880/slave-torture
281,"
Master Costello - Electro and Domination
","
01:33:41
",https://bdsmstreak.com/video/39818/master-costello-electro-and-domination
282,"
TENS, Blowjob and Orgasm Torture
","
00:08:08
",https://bdsmstreak.com/video/39576/tens-blowjob-and-orgasm-torture
283,"
Electro Self Play
","
02:05:04
",https://bdsmstreak.com/video/39301/electro-self-play
284,"
Lezdom Electro Garage Lezdom Torture
","
00:13:18
",https://bdsmstreak.com/video/39298/lezdom-electro-garage-lezdom-torture
285,"
Lizy Gets it
","
01:01:09
",https://bdsmstreak.com/video/39133/lizy-gets-it
286,"
Electro for Ebony
","
00:09:00
",https://bdsmstreak.com/video/39116/electro-for-ebony
287,"
Alexa Von Tess Lezdom Electro
","
00:53:27
",https://bdsmstreak.com/video/38888/alexa-von-tess-lezdom-electro
288,"
slave Pain Training
","
00:07:19
",https://bdsmstreak.com/video/38762/slave-pain-training
289,"
Electro Tortured
","
00:05:00
",https://bdsmstreak.com/video/38761/electro-tortured
290,"
Outdoors - Electro Control
","
00:03:25
",https://bdsmstreak.com/video/38742/outdoors-electro-control
291,"
Steel Cuffs and Chastity With Electro Outdoors
","
00:04:23
",https://bdsmstreak.com/video/38741/steel-cuffs-and-chastity-with-electro-outdoors
292,"
Chastity Slave Cleaning and Motivated with Shocks
","
00:04:30
",https://bdsmstreak.com/video/38739/chastity-slave-cleaning-and-motivated-with-shocks
293,"
Shocking Maze Game
","
00:06:25
",https://bdsmstreak.com/video/38477/shocking-maze-game
294,"
Seven's Debut - Insex
","
01:32:13
",https://bdsmstreak.com/video/38457/seven-s-debut-insex
295,"
Capri Anderson in Dungeon - Lezdom
","
00:44:17
",https://bdsmstreak.com/video/38351/capri-anderson-in-dungeon-lezdom
296,"
Electro Torture Therapy
","
00:38:44
",https://bdsmstreak.com/video/38263/electro-torture-therapy
297,"
Bobbi Starr and Cherry Electro Lesdom
","
01:07:58
",https://bdsmstreak.com/video/38191/bobbi-starr-and-cherry-electro-lesdom
298,"
Tens Elecro Strap-on Lezdom
","
00:17:21
",https://bdsmstreak.com/video/38103/tens-elecro-strap-on-lezdom
299,"
Hot Chinese Submissive Dominated
","
00:42:29
",https://bdsmstreak.com/video/38084/hot-chinese-submissive-dominated
300,"
Cute Jessi Palmer and Princess Donna - Electro Lezdom
","
00:57:09
",https://bdsmstreak.com/video/37977/cute-jessi-palmer-and-princess-donna-electro-lezdom
301,"
Bobbi Starr, Kristina Rose and Sarah Devon
","
01:01:41
",https://bdsmstreak.com/video/37971/bobbi-starr-kristina-rose-and-sarah-devon
302,"
Princess Donna and Sabrina Fox - Electro Lezdom
","
01:00:57
",https://bdsmstreak.com/video/37968/princess-donna-and-sabrina-fox-electro-lezdom
303,"
Claire James and Lorelei Lee - Electro Lesbian Games
","
01:00:56
",https://bdsmstreak.com/video/37966/claire-james-and-lorelei-lee-electro-lesbian-games
304,"
Lorelei Lee Getting it
","
01:02:15
",https://bdsmstreak.com/video/37927/lorelei-lee-getting-it
305,"
Claire Adams and Jade Indica - Lezdom Electro
","
01:01:14
",https://bdsmstreak.com/video/37926/claire-adams-and-jade-indica-lezdom-electro
306,"
Agent Double
","
00:30:38
",https://bdsmstreak.com/video/37896/agent-double
307,"
Beretta James and Sinn Sage - WP
","
00:59:59
",https://bdsmstreak.com/video/37891/beretta-james-and-sinn-sage-wp
308,"
Sandra Romain Electro Torture
","
01:06:36
",https://bdsmstreak.com/video/37885/sandra-romain-electro-torture
309,"
Skylar Price dominated by Princess Donna
","
00:48:21
",https://bdsmstreak.com/video/37860/skylar-price-dominated-by-princess-donna
310,"
Electric Rubber Pet
","
01:08:01
",https://bdsmstreak.com/video/37828/electric-rubber-pet
311,"
Vintage Whipping and Pain BDSM
","
00:28:40
",https://bdsmstreak.com/video/37737/vintage-whipping-and-pain-bdsm
312,"
Bobbi STarr, Lizzy London and Sensi Pearl
","
01:03:11
",https://bdsmstreak.com/video/37542/bobbi-starr-lizzy-london-and-sensi-pearl
313,"
Electro Cock and Ball Torture
","
00:10:50
",https://bdsmstreak.com/video/37528/electro-cock-and-ball-torture
314,"
Electricity and Orgasm Torture in Hardcore Bondage
","
00:08:23
",https://bdsmstreak.com/video/37343/electricity-and-orgasm-torture-in-hardcore-bondage
315,"
Electric Latex Slut
","
00:06:22
",https://bdsmstreak.com/video/37240/electric-latex-slut
316,"
Personified
","
00:26:31
",https://bdsmstreak.com/video/37211/personified
317,"
Racked and Ravished
","
00:20:32
",https://bdsmstreak.com/video/37205/racked-and-ravished
318,"
Doorbell Revisited
","
00:12:26
",https://bdsmstreak.com/video/37188/doorbell-revisited
319,"
Shocks with Fucking Machine
","
00:14:01
",https://bdsmstreak.com/video/37183/shocks-with-fucking-machine
320,"
The Door Bell
","
00:10:26
",https://bdsmstreak.com/video/37166/the-door-bell
321,"
Rubber Toy Meets TENS
","
00:06:22
",https://bdsmstreak.com/video/36806/rubber-toy-meets-tens
322,"
Lorelei Lee Dominated by Bobbi Starr
","
00:29:52
",https://bdsmstreak.com/video/36746/lorelei-lee-dominated-by-bobbi-starr
323,"
The Pain Files - Elise Graves
","
00:06:58
",https://bdsmstreak.com/video/36735/the-pain-files-elise-graves
324,"
Extreme Torture
","
00:02:05
",https://bdsmstreak.com/video/36718/extreme-torture
325,"
Insex Electro Torture
","
00:02:43
",https://bdsmstreak.com/video/36645/insex-electro-torture
326,"
Slave Aijana - Electro Torture
","
00:05:01
",https://bdsmstreak.com/video/36603/slave-aijana-electro-torture
327,"
Electro Torture for Slave Blonde
","
00:08:43
",https://bdsmstreak.com/video/36456/electro-torture-for-slave-blonde
328,"
Electric Walker - Gord
","
00:08:06
",https://bdsmstreak.com/video/36308/electric-walker-gord
329,"
Electro Cock Orgasm
","
00:18:34
",https://bdsmstreak.com/video/36247/electro-cock-orgasm
330,"
Shocking the Bitch
","
00:06:49
",https://bdsmstreak.com/video/36232/shocking-the-bitch
331,"
Japanese Electro and Vibe Torment
","
00:30:15
",https://bdsmstreak.com/video/36049/japanese-electro-and-vibe-torment
332,"
Riley Reid - Electro Torment
","
00:27:16
",https://bdsmstreak.com/video/36028/riley-reid-electro-torment
333,"
Painslut Tortured Brutally
","
00:18:52
",https://bdsmstreak.com/video/35717/painslut-tortured-brutally
334,"
Skylar Green - Hardcore Tease
","
00:09:51
",https://bdsmstreak.com/video/35421/skylar-green-hardcore-tease
335,"
Mona Wales and Cadence Lux
","
00:50:00
",https://bdsmstreak.com/video/35386/mona-wales-and-cadence-lux
336,"
Elite Pain Club Case 18
","
00:59:38
",https://bdsmstreak.com/video/35203/elite-pain-club-case-18
337,"
Bella Rossi Electro Torturing Yara Skye
","
00:43:15
",https://bdsmstreak.com/video/35185/bella-rossi-electro-torturing-yara-skye
338,"
Marina - Dacryphilia Dreams - Part 1
","
00:48:43
",https://bdsmstreak.com/video/34841/marina-dacryphilia-dreams-part-1
339,"
Maggie Meat
","
00:45:44
",https://bdsmstreak.com/video/34781/maggie-meat
340,"
Electro BDSM - Bobbi STarr and Felony
","
00:22:22
",https://bdsmstreak.com/video/34731/electro-bdsm-bobbi-starr-and-felony
341,"
Insex - Seven's Debut
","
01:32:13
",https://bdsmstreak.com/video/34601/insex-seven-s-debut
342,"
Cybill Troy and Mistress An Li - Electro Pain
","
00:15:21
",https://bdsmstreak.com/video/34575/cybill-troy-and-mistress-an-li-electro-pain
343,"
Cybill Troy - Electro Sterilization
","
00:08:07
",https://bdsmstreak.com/video/34574/cybill-troy-electro-sterilization
344,"
Nr 314
","
 00:56:06
",https://bdsmstreak.com/video/34547/nr-314
345,"
Princess Donna teaches a lesson for Sarah Jane Ceylon
","
01:04:49
",https://bdsmstreak.com/video/34460/princess-donna-teaches-a-lesson-for-sarah-jane-ceylon
346,"
Princess Donna teaching Andy San Dimas a Lesson
","
00:59:34
",https://bdsmstreak.com/video/34426/princess-donna-teaching-andy-san-dimas-a-lesson
347,"
Kenzie Taylor and Ramon Nomar
","
00:57:26
",https://bdsmstreak.com/video/34409/kenzie-taylor-and-ramon-nomar
348,"
Reluctant Struggle
","
00:16:46
",https://bdsmstreak.com/video/34394/reluctant-struggle
349,"
Electro Sluts - Arabella Raphael and Ela Darling
","
00:48:48
",https://bdsmstreak.com/video/34392/electro-sluts-arabella-raphael-and-ela-darling
350,"
redhead getting it from Brunette
","
00:08:12
",https://bdsmstreak.com/video/34210/redhead-getting-it-from-brunette
351,"
Electro Torture for Bobbi Starr
","
00:54:29
",https://bdsmstreak.com/video/33893/electro-torture-for-bobbi-starr
352,"
Japanese Hardcore Electro Torture
","
00:12:34
",https://bdsmstreak.com/video/33856/japanese-hardcore-electro-torture
353,"
Electro Shocks and Milking
","
00:11:45
",https://bdsmstreak.com/video/33808/electro-shocks-and-milking
354,"
Bobbi Starr and Phoneix Marie - Electro Sluts
","
00:27:38
",https://bdsmstreak.com/video/33675/bobbi-starr-and-phoneix-marie-electro-sluts
355,"
Electro Torment
","
00:09:58
",https://bdsmstreak.com/video/33625/electro-torment
356,"
Zipper and Shocks - Electro Lesbian BDSM
","
01:15:13
",https://bdsmstreak.com/video/33588/zipper-and-shocks-electro-lesbian-bdsm
357,"
Clamp Electro and Anal
","
00:10:38
",https://bdsmstreak.com/video/33546/clamp-electro-and-anal
358,"
Electro Fun in tight straps
","
00:09:04
",https://bdsmstreak.com/video/33500/electro-fun-in-tight-straps
359,"
Tia Ling, Krissy Lynn and Asa Akira Lezdom
","
00:59:46
",https://bdsmstreak.com/video/33426/tia-ling-krissy-lynn-and-asa-akira-lezdom
360,"
Electro Lezdom - Nicotine and Princess Donn
","
00:57:53
",https://bdsmstreak.com/video/33392/electro-lezdom-nicotine-and-princess-donn
361,"
Wired Pussy - Lezdom
","
01:06:42
",https://bdsmstreak.com/video/33358/wired-pussy-lezdom
362,"
Lorelei Lee in Suspension
","
00:50:30
",https://bdsmstreak.com/video/33330/lorelei-lee-in-suspension
363,"
The Bitch Bender
","
00:06:41
",https://bdsmstreak.com/video/33230/the-bitch-bender
364,"
Merciless electro torture
","
00:06:02
",https://bdsmstreak.com/video/33184/merciless-electro-torture
365,"
Elise Graves and Wooden Horse Electro Torture
","
00:05:07
",https://bdsmstreak.com/video/33174/elise-graves-and-wooden-horse-electro-torture
366,"
Alisha Adams - Hardcore BDSM
","
00:47:45
",https://bdsmstreak.com/video/33030/alisha-adams-hardcore-bdsm
367,"
Shocking Her Holes
","
00:41:05
",https://bdsmstreak.com/video/32839/shocking-her-holes
368,"
Electro Torturing Latina Slut
","
00:11:59
",https://bdsmstreak.com/video/32776/electro-torturing-latina-slut
369,"
Tortured Bitch
","
00:22:37
",https://bdsmstreak.com/video/32696/tortured-bitch
370,"
Lezdom Electro TENS Torture
","
01:11:01
",https://bdsmstreak.com/video/32694/lezdom-electro-tens-torture
371,"
Electro Sluts - Iona's Pain
","
01:02:12
",https://bdsmstreak.com/video/32542/electro-sluts-iona-s-pain
372,"
Mercy West Dominated by Cherry Torn
","
00:07:39
",https://bdsmstreak.com/video/32541/mercy-west-dominated-by-cherry-torn
373,"
ElectroSluts - Lezdom
","
00:50:51
",https://bdsmstreak.com/video/32403/electrosluts-lezdom
374,"
Mandy Muse - Electro Lezdom
","
01:03:56
",https://bdsmstreak.com/video/31966/mandy-muse-electro-lezdom
375,"
Cecilia Vega on Wired Pussy
","
01:05:35
",https://bdsmstreak.com/video/31922/cecilia-vega-on-wired-pussy
376,"
Insex - Seven's First Shoot
","
01:32:13
",https://bdsmstreak.com/video/31842/insex-seven-s-first-shoot
377,"
Mimosa - Kink Unlimited
","
00:09:22
",https://bdsmstreak.com/video/31681/mimosa-kink-unlimited
378,"
Kendra James dominates superheroine
","
00:13:45
",https://bdsmstreak.com/video/31522/kendra-james-dominates-superheroine
379,"
Xtremepain electro torture - Vintage
","
00:22:51
",https://bdsmstreak.com/video/31298/xtremepain-electro-torture-vintage
380,"
Electro Torture CBT - Homemade
","
00:01:38
",https://bdsmstreak.com/video/31196/electro-torture-cbt-homemade
381,"
Electro Bimbo
","
00:40:49
",https://bdsmstreak.com/video/31086/electro-bimbo
382,"
Electro Tortured MILF
","
00:09:50
",https://bdsmstreak.com/video/31064/electro-tortured-milf
383,"
Anal Shocks and Lezdom Treatment
","
00:58:04
",https://bdsmstreak.com/video/30927/anal-shocks-and-lezdom-treatment
384,"
Lezdom Electro Games
","
01:03:56
",https://bdsmstreak.com/video/30892/lezdom-electro-games
385,"
Absolutely Shocking - Amy Nicole
","
00:45:37
",https://bdsmstreak.com/video/30619/absolutely-shocking-amy-nicole
386,"
Conjugal Visit - Charlotte Vale
","
01:21:13
",https://bdsmstreak.com/video/30514/conjugal-visit-charlotte-vale
387,"
Peehole machine fucking
","
00:06:53
",https://bdsmstreak.com/video/30480/peehole-machine-fucking
388,"
Bella Rossi - Pain for Her - Part 2
","
00:41:44
",https://bdsmstreak.com/video/30435/bella-rossi-pain-for-her-part-2
389,"
Penny torments Christina - 2
","
00:06:15
",https://bdsmstreak.com/video/30259/penny-torments-christina-2
390,"
Penny torments Christina
","
00:18:32
",https://bdsmstreak.com/video/30254/penny-torments-christina
391,"
Shocking Times
","
00:37:07
",https://bdsmstreak.com/video/30207/shocking-times
392,"
Mei Mara - Lezdom Electro
","
00:49:59
",https://bdsmstreak.com/video/30156/mei-mara-lezdom-electro
393,"
Electro Torture While Helpless
","
00:22:40
",https://bdsmstreak.com/video/30139/electro-torture-while-helpless
394,"
Electro CBT for cock and balls
","
00:09:46
",https://bdsmstreak.com/video/30051/electro-cbt-for-cock-and-balls
395,"
Electro Torture For Christina
","
00:07:43
",https://bdsmstreak.com/video/30049/electro-torture-for-christina
396,"
Aiden Starr dominates Emma Haize
","
01:00:00
",https://bdsmstreak.com/video/30039/aiden-starr-dominates-emma-haize
397,"
Extreme Electro Play BDSM
","
00:41:02
",https://bdsmstreak.com/video/30031/extreme-electro-play-bdsm
398,"
Slave to shock - Lezdom
","
01:05:33
",https://bdsmstreak.com/video/30030/slave-to-shock-lezdom
399,"
Electro Sex Toy
","
00:09:18
",https://bdsmstreak.com/video/30019/electro-sex-toy
400,"
Beverly Hills
","
00:58:51
",https://bdsmstreak.com/video/29958/beverly-hills
401,"
Electro BDSM for Yoko
","
00:06:01
",https://bdsmstreak.com/video/29871/electro-bdsm-for-yoko
402,"
Lorelei Lee dominating Melissa Jacobs
","
01:04:15
",https://bdsmstreak.com/video/29737/lorelei-lee-dominating-melissa-jacobs
403,"
Chinese Slave Girl Lili
","
00:03:26
",https://bdsmstreak.com/video/29698/chinese-slave-girl-lili
404,"
Electro Tit Torture of Russian Slave
","
00:06:02
",https://bdsmstreak.com/video/29683/electro-tit-torture-of-russian-slave
405,"
Electro torture Lezdom
","
00:55:22
",https://bdsmstreak.com/video/29678/electro-torture-lezdom
406,"
Shock the System
","
00:10:08
",https://bdsmstreak.com/video/29654/shock-the-system
407,"
Electro Torture - Japanese
","
00:06:28
",https://bdsmstreak.com/video/29557/electro-torture-japanese
408,"
Electro sluts for Wired Pussy
","
01:05:15
",https://bdsmstreak.com/video/28887/electro-sluts-for-wired-pussy
409,"
Black slut gets shocked
","
00:06:30
",https://bdsmstreak.com/video/28792/black-slut-gets-shocked
410,"
Harmony Dommed by Bobbi Starr
","
00:54:29
",https://bdsmstreak.com/video/28784/harmony-dommed-by-bobbi-starr
411,"
Cherry Torn and Bobby Starr - Wired Pussy
","
01:07:58
",https://bdsmstreak.com/video/28770/cherry-torn-and-bobby-starr-wired-pussy
412,"
Machine Fucked Shocked And Gagged
","
00:15:56
",https://bdsmstreak.com/video/28693/machine-fucked-shocked-and-gagged
413,"
Yayoi Yanagida - Japanese BDSM
","
00:28:34
",https://bdsmstreak.com/video/28665/yayoi-yanagida-japanese-bdsm
414,"
Electro Lezdom Threesome
","
00:09:18
",https://bdsmstreak.com/video/28616/electro-lezdom-threesome
415,"
Electo CBT and Cock Milking
","
00:09:08
",https://bdsmstreak.com/video/28588/electo-cbt-and-cock-milking
416,"
Japanese Electro BDSM - Mikako Aso
","
00:19:03
",https://bdsmstreak.com/video/28414/japanese-electro-bdsm-mikako-aso
417,"
Kristina's Hardcore Electro Domination
","
01:09:26
",https://bdsmstreak.com/video/28366/kristina-s-hardcore-electro-domination
418,"
Wired Pussy with Christina Carter and Penny Flame
","
00:57:04
",https://bdsmstreak.com/video/28348/wired-pussy-with-christina-carter-and-penny-flame
419,"
Maitresse Madeline Dominates Chloe Camilla
","
00:55:28
",https://bdsmstreak.com/video/28346/maitresse-madeline-dominates-chloe-camilla
420,"
Princess Donna dominating Charley Chase
","
01:02:51
",https://bdsmstreak.com/video/28345/princess-donna-dominating-charley-chase
421,"
Chanel Preston and Chanell Heart - Electro Sluts
","
00:54:17
",https://bdsmstreak.com/video/28263/chanel-preston-and-chanell-heart-electro-sluts
422,"
Lorelei Lee with Darling - Electo Anal
","
00:47:08
",https://bdsmstreak.com/video/28199/lorelei-lee-with-darling-electo-anal
423,"
Amy Brooke on Gym
","
01:01:46
",https://bdsmstreak.com/video/27989/amy-brooke-on-gym
424,"
Isis Love examined by Mia Li
","
01:07:01
",https://bdsmstreak.com/video/27981/isis-love-examined-by-mia-li
425,"
Electro and mummification
","
00:02:46
",https://bdsmstreak.com/video/27831/electro-and-mummification
426,"
Christina Carter and Penny Flame
","
00:57:04
",https://bdsmstreak.com/video/27823/christina-carter-and-penny-flame
427,"
Pussy electro tortured
","
00:10:33
",https://bdsmstreak.com/video/27740/pussy-electro-tortured
428,"
Electro Pain for my slut
","
00:03:12
",https://bdsmstreak.com/video/27739/electro-pain-for-my-slut
429,"
Electro Torture - Japanese Homemade
","
00:02:18
",https://bdsmstreak.com/video/27738/electro-torture-japanese-homemade
430,"
Electro Torture and pain for tits
","
00:06:27
",https://bdsmstreak.com/video/27737/electro-torture-and-pain-for-tits
431,"
 Electro Torture and fucking
","
00:02:05
",https://bdsmstreak.com/video/27732/electro-torture-and-fucking
432,"
Shocks for balls in chastity
","
00:05:32
",https://bdsmstreak.com/video/27693/shocks-for-balls-in-chastity
433,"
Daisy Ducati has some fun with her slut
","
00:41:35
",https://bdsmstreak.com/video/27452/daisy-ducati-has-some-fun-with-her-slut
434,"
Electro Test Torment
","
00:33:45
",https://bdsmstreak.com/video/27410/electro-test-torment
435,"
On the wall
","
00:04:39
",https://bdsmstreak.com/video/27239/on-the-wall
436,"
Electro and Whipping
","
00:12:29
",https://bdsmstreak.com/video/27029/electro-and-whipping
437,"
TENS for tits
","
00:02:20
",https://bdsmstreak.com/video/26658/tens-for-tits
438,"
Electric horse
","
00:08:31
",https://bdsmstreak.com/video/26587/electric-horse
439,"
Stumped - Insex - Latex Electro and Extremes
","
00:36:52
",https://bdsmstreak.com/video/26456/stumped-insex-latex-electro-and-extremes
440,"
Sister Dee - Infernal Restraints
","
00:40:06
",https://bdsmstreak.com/video/26113/sister-dee-infernal-restraints
441,"
Shocks and homemade fun
","
00:30:00
",https://bdsmstreak.com/video/26087/shocks-and-homemade-fun
442,"
Extreme dungeon BDSM with London River
","
00:49:09
",https://bdsmstreak.com/video/26021/extreme-dungeon-bdsm-with-london-river
443,"
Electro torture on cross
","
00:06:00
",https://bdsmstreak.com/video/25901/electro-torture-on-cross
444,"
Cow Girl's Tit Torture
","
00:16:24
",https://bdsmstreak.com/video/25882/cow-girl-s-tit-torture
445,"
Shocked nipples
","
00:17:11
",https://bdsmstreak.com/video/25877/shocked-nipples
446,"
Insex electro tortured captive
","
00:17:47
",https://bdsmstreak.com/video/25874/insex-electro-tortured-captive
447,"
Electro Tortured - Extreme
","
00:10:55
",https://bdsmstreak.com/video/25873/electro-tortured-extreme
448,"
Dancing with the electricity
","
00:23:09
",https://bdsmstreak.com/video/25871/dancing-with-the-electricity
449,"
Lorelei Lee's Electro Torture
","
00:20:57
",https://bdsmstreak.com/video/25867/lorelei-lee-s-electro-torture
450,"
Tits tortured with electricity - Insex
","
00:06:17
",https://bdsmstreak.com/video/25861/tits-tortured-with-electricity-insex
451,"
Shocks for Tied Tits
","
00:07:27
",https://bdsmstreak.com/video/25858/shocks-for-tied-tits
452,"
Electro Torture for Pussy
","
00:20:02
",https://bdsmstreak.com/video/25857/electro-torture-for-pussy
453,"
Insex Electro Torture
","
00:16:30
",https://bdsmstreak.com/video/25856/insex-electro-torture
454,"
Suspension and electro shocks in saran wrap - Femdom
","
00:07:25
",https://bdsmstreak.com/video/25831/suspension-and-electro-shocks-in-saran-wrap-femdom
455,"
Lorelei Lee And Bianca Stone
","
00:25:31
",https://bdsmstreak.com/video/25741/lorelei-lee-and-bianca-stone
456,"
Lorelei Lee Electro Tortures Her Slave Girl
","
00:22:05
",https://bdsmstreak.com/video/25740/lorelei-lee-electro-tortures-her-slave-girl
457,"
Torturing her slut with electricity
","
00:27:37
",https://bdsmstreak.com/video/25732/torturing-her-slut-with-electricity
458,"
Shocking Lesbian Love
","
00:25:24
",https://bdsmstreak.com/video/25729/shocking-lesbian-love
459,"
ElectroSluts - Lesbian BDSM
","
00:42:34
",https://bdsmstreak.com/video/25712/electrosluts-lesbian-bdsm
460,"
Two Kinky Bitches and Electricity
","
00:42:17
",https://bdsmstreak.com/video/25699/two-kinky-bitches-and-electricity
461,"
Vixxen Vs Lustra
","
00:27:08
",https://bdsmstreak.com/video/25597/vixxen-vs-lustra
462,"
Electro Tortured
","
00:08:31
",https://bdsmstreak.com/video/25543/electro-tortured
463,"
Electro Torture in dungeon
","
00:07:30
",https://bdsmstreak.com/video/25531/electro-torture-in-dungeon
464,"
Capri Anderson
","
00:44:17
",https://bdsmstreak.com/video/25469/capri-anderson
465,"
Girl of Her Mistress
","
00:47:23
",https://bdsmstreak.com/video/25396/girl-of-her-mistress
466,"
Brutal Cunt Torture
","
00:14:01
",https://bdsmstreak.com/video/25376/brutal-cunt-torture
467,"
Electro Torture for Her
","
 00:05:00
",https://bdsmstreak.com/video/25245/electro-torture-for-her
468,"
Tens Wand and Forced Orgasm
","
00:08:23
",https://bdsmstreak.com/video/25149/tens-wand-and-forced-orgasm
469,"
Electro Torture - Japanese
","
00:05:00
",https://bdsmstreak.com/video/25064/electro-torture-japanese
470,"
Japanese Electro BDSM
","
00:17:21
",https://bdsmstreak.com/video/25055/japanese-electro-bdsm
471,"
Sasha Grey and Princess Donna - Electro Lezdom
","
01:00:26
",https://bdsmstreak.com/video/24994/sasha-grey-and-princess-donna-electro-lezdom
472,"
ElectroSluts - Lezdom
","
00:56:23
",https://bdsmstreak.com/video/24968/electrosluts-lezdom
473,"
Allie Haze gets Double Teamed
","
01:08:24
",https://bdsmstreak.com/video/24958/allie-haze-gets-double-teamed
474,"
Aiden Starr, Maitresse Madeline, Jessie Cox and Ashley Fires - Lezdom HD
","
00:57:06
",https://bdsmstreak.com/video/24811/aiden-starr-maitresse-madeline-jessie-cox-and-ashley-fires-lezdom-hd
475,"
Tens for Danish Subgirl
","
00:01:28
",https://bdsmstreak.com/video/24659/tens-for-danish-subgirl
476,"
Sensi Pearl on WiredPussy
","
00:50:25
",https://bdsmstreak.com/video/24546/sensi-pearl-on-wiredpussy
477,"
Shiny lesbians
","
00:07:00
",https://bdsmstreak.com/video/24427/shiny-lesbians
478,"
Squirting pain and domination in suspension
","
00:36:02
",https://bdsmstreak.com/video/24416/squirting-pain-and-domination-in-suspension
479,"
Trisha Parks - Forced Orgasms with Pain
","
00:43:06
",https://bdsmstreak.com/video/24345/trisha-parks-forced-orgasms-with-pain
480,"
Lezdom Electro BDSM
","
00:42:08
",https://bdsmstreak.com/video/24334/lezdom-electro-bdsm
481,"
Justine Joli and Bobbi Starr on ElectroSluts - Lesbian HD BDSM
","
00:22:53
",https://bdsmstreak.com/video/24228/justine-joli-and-bobbi-starr-on-electrosluts-lesbian-hd-bdsm
482,"
Anikka Albrite Forced to cum
","
00:11:09
",https://bdsmstreak.com/video/24205/anikka-albrite-forced-to-cum
483,"
Torment of Japanese Slave
","
00:45:02
",https://bdsmstreak.com/video/24178/torment-of-japanese-slave
484,"
Electrical Tape Bondage
","
00:26:39
",https://bdsmstreak.com/video/24011/electrical-tape-bondage
485,"
Doggy cage and electro for brunette sub
","
01:00:23
",https://bdsmstreak.com/video/23965/doggy-cage-and-electro-for-brunette-sub
486,"
Lezdom Electro Torment
","
01:01:12
",https://bdsmstreak.com/video/23937/lezdom-electro-torment
487,"
Tia Ling and her Mistress
","
01:06:52
",https://bdsmstreak.com/video/23908/tia-ling-and-her-mistress
488,"
TENS and Cock sucking with Wand
","
00:08:08
",https://bdsmstreak.com/video/23757/tens-and-cock-sucking-with-wand
489,"
Secured for Shocks
","
00:14:04
",https://bdsmstreak.com/video/23846/secured-for-shocks
490,"
Hardcore Cunt Torture and Electro BDSM
","
00:25:56
",https://bdsmstreak.com/video/23845/hardcore-cunt-torture-and-electro-bdsm
491,"
ElectroSluts - The Squirt Collector
","
00:54:15
",https://bdsmstreak.com/video/23588/electrosluts-the-squirt-collector
492,"
Shocking Girls
","
00:56:49
",https://bdsmstreak.com/video/23475/shocking-girls
493,"
Roxanne - Electro BDSM
","
00:59:21
",https://bdsmstreak.com/video/23430/roxanne-electro-bdsm
494,"
Simone on Electro Sluts
","
00:45:19
",https://bdsmstreak.com/video/23417/simone-on-electro-sluts
495,"
Queensnake - Shocked
","
00:01:02
",https://bdsmstreak.com/video/23277/queensnake-shocked
496,"
Queensnake - Electro Cunt Torture
","
00:17:08
",https://bdsmstreak.com/video/23266/queensnake-electro-cunt-torture
497,"
Electro Torture for Melanie Moons
","
00:10:42
",https://bdsmstreak.com/video/23234/electro-torture-for-melanie-moons
498,"
Latex Mistress and slave boy - Electro CBT
","
00:18:34
",https://bdsmstreak.com/video/23060/latex-mistress-and-slave-boy-electro-cbt
499,"
Electro Sluts - Lezdom
","
00:47:25
",https://bdsmstreak.com/video/23043/electro-sluts-lezdom
500,"
Electrotortured and Fucked Lesbian Submissive
","
00:24:05
",https://bdsmstreak.com/video/14913/electrotortured-and-fucked-lesbian-submissive
501,"
Lesbian Strapon Electro Torture and Domination
","
00:03:15
",https://bdsmstreak.com/video/13174/lesbian-strapon-electro-torture-and-domination
502,"
Electro Torture with Hot Wax and Fucking Machine
","
00:13:00
",https://bdsmstreak.com/video/6159/electro-torture-with-hot-wax-and-fucking-machine
503,"
Xtremepain svp electro torture
","
00:08:11
",https://bdsmstreak.com/video/823/xtremepain-svp-electro-torture
504,"
Urethal Sounding and electro - Maledom
","
00:01:22
",https://bdsmstreak.com/video/14543/urethal-sounding-and-electro-maledom
505,"
Amateur gimp grrl electro shock
","
00:15:54
",https://bdsmstreak.com/video/944/amateur-gimp-grrl-electro-shock
506,"
BDSM - Princess Donna Electro and lesbian pain
","
00:42:50
",https://bdsmstreak.com/video/2421/bdsm-princess-donna-electro-and-lesbian-pain
507,"
e-stim and lesbian domination
","
00:32:17
",https://bdsmstreak.com/video/18731/e-stim-and-lesbian-domination
508,"
BDSM Electro Torture
","
00:12:43
",https://bdsmstreak.com/video/16297/bdsm-electro-torture
509,"
Anal Electro Torment
","
00:18:56
",https://bdsmstreak.com/video/17557/anal-electro-torment
510,"
Fucked with Electric Dildo in Bondage
","
00:22:51
",https://bdsmstreak.com/video/17552/fucked-with-electric-dildo-in-bondage
511,"
Electro Tortured Lesbian part 2
","
00:21:33
",https://bdsmstreak.com/video/12473/electro-tortured-lesbian-part-2
512,"
Electro Shocks ropes and use
","
00:50:58
",https://bdsmstreak.com/video/19666/electro-shocks-ropes-and-use
513,"
Electro Torture and Bondage
","
00:15:01
",https://bdsmstreak.com/video/12221/electro-torture-and-bondage
514,"
Electro Pain - Lesbian
","
00:20:01
",https://bdsmstreak.com/video/18001/electro-pain-lesbian
515,"
Cabra-Cega Electro torture
","
00:01:27
",https://bdsmstreak.com/video/2757/cabra-cega-electro-torture
516,"
Electro Forced Orgasm and Blowjob
","
00:12:22
",https://bdsmstreak.com/video/15347/electro-forced-orgasm-and-blowjob
517,"
Kat bound and electro tortured in bed
","
00:12:45
",https://bdsmstreak.com/video/13056/kat-bound-and-electro-tortured-in-bed
518,"
BM 034 007 electro
","
00:03:00
",https://bdsmstreak.com/video/2860/bm-034-007-electro
519,"
Tortured with Bullwhip and Electro
","
00:01:20
",https://bdsmstreak.com/video/6075/tortured-with-bullwhip-and-electro
520,"
Femdom - Electro
","
00:06:06
",https://bdsmstreak.com/video/2858/femdom-electro
521,"
The Pear
","
01:11:01
",https://bdsmstreak.com/video/18030/the-pear
522,"
Jenny Gives a Test
","
00:07:18
",https://bdsmstreak.com/video/1360/jenny-gives-a-test
523,"
Crystel Lei - Electro Torture and hard BDSM
","
00:06:10
",https://bdsmstreak.com/video/326/crystel-lei-electro-torture-and-hard-bdsm
524,"
Girls must cry!
","
00:26:13
",https://bdsmstreak.com/video/21719/girls-must-cry
525,"
Cattle Prod Punishment
","
00:04:38
",https://bdsmstreak.com/video/2646/cattle-prod-punishment
526,"
Electro 2
","
00:00:22
",https://bdsmstreak.com/video/2733/electro-2
527,"
Baretta James and Lea Lexis
","
00:05:07
",https://bdsmstreak.com/video/22989/baretta-james-and-lea-lexis
528,"
TENS - Japanese Slave
","
00:16:23
",https://bdsmstreak.com/video/20560/tens-japanese-slave
529,"
Electro Lesbian Femdom
","
00:20:58
",https://bdsmstreak.com/video/14409/electro-lesbian-femdom
530,"
Cattle Prod and Tens Torture
","
00:20:58
",https://bdsmstreak.com/video/16710/cattle-prod-and-tens-torture
531,"
Electro for the bitch
","
00:05:25
",https://bdsmstreak.com/video/22772/electro-for-the-bitch
532,"
Electro Punishment of a Prisoner
","
00:34:55
",https://bdsmstreak.com/video/15968/electro-punishment-of-a-prisoner
533,"
Torture with electricity
","
00:08:24
",https://bdsmstreak.com/video/22896/torture-with-electricity
534,"
Orgasms with TENS
","
00:01:27
",https://bdsmstreak.com/video/22462/orgasms-with-tens
535,"
Docfan in group use
","
00:07:28
",https://bdsmstreak.com/video/22409/docfan-in-group-use
536,"
Docfan - Electric Collar
","
00:05:35
",https://bdsmstreak.com/video/22408/docfan-electric-collar
537,"
Bobbi Starr and Alani - Electrosluts
","
00:23:59
",https://bdsmstreak.com/video/22328/bobbi-starr-and-alani-electrosluts
538,"
Violet Wand
","
00:05:14
",https://bdsmstreak.com/video/21943/violet-wand
539,"
E-stim - Russian Amateur
","
00:14:53
",https://bdsmstreak.com/video/21546/e-stim-russian-amateur
540,"
Lezdom Electro Fucking
","
00:17:33
",https://bdsmstreak.com/video/21518/lezdom-electro-fucking
541,"
Lezdom electro games
","
00:24:42
",https://bdsmstreak.com/video/21413/lezdom-electro-games
542,"
Electroshocks
","
00:07:25
",https://bdsmstreak.com/video/21397/electroshocks
543,"
Shocking the pussy
","
00:01:47
",https://bdsmstreak.com/video/21304/shocking-the-pussy
544,"
lezdom electro pain
","
00:41:01
",https://bdsmstreak.com/video/20805/lezdom-electro-pain
545,"
Electric BDSM Punishment in bondage
","
00:29:31
",https://bdsmstreak.com/video/20189/electric-bdsm-punishment-in-bondage
546,"
Lezdom - Electro, anal, bondage and Restraints
","
01:00:26
",https://bdsmstreak.com/video/20088/lezdom-electro-anal-bondage-and-restraints
547,"
Spelling Test - Insex
","
00:52:00
",https://bdsmstreak.com/video/20054/spelling-test-insex
548,"
Electro play - Lezdom
","
00:34:35
",https://bdsmstreak.com/video/20007/electro-play-lezdom
549,"
Electro Torture - Lezdom
","
00:15:26
",https://bdsmstreak.com/video/19985/electro-torture-lezdom
550,"
Anal hooks, bondage and domination - Lezdom
","
00:48:23
",https://bdsmstreak.com/video/19771/anal-hooks-bondage-and-domination-lezdom
551,"
Electro Tortured - Lezdom
","
00:42:09
",https://bdsmstreak.com/video/19760/electro-tortured-lezdom
552,"
Interracial Lezdom BDSM
","
01:07:18
",https://bdsmstreak.com/video/19660/interracial-lezdom-bdsm
553,"
Violet Wand
","
00:09:03
",https://bdsmstreak.com/video/19617/violet-wand
554,"
Caged Sex Slave
","
01:00:25
",https://bdsmstreak.com/video/19525/caged-sex-slave
555,"
Anal hooks and Electro Punishment
","
00:26:50
",https://bdsmstreak.com/video/19092/anal-hooks-and-electro-punishment
556,"
Male Slave Electro Punishment
","
00:05:30
",https://bdsmstreak.com/video/18968/male-slave-electro-punishment
557,"
Cattle Prod Training the sub - Electro
","
00:03:24
",https://bdsmstreak.com/video/18963/cattle-prod-training-the-sub-electro
558,"
Estim from Mistress
","
00:30:03
",https://bdsmstreak.com/video/18780/estim-from-mistress
559,"
Katia in Lesbian BDSM - Electro
","
00:17:14
",https://bdsmstreak.com/video/18740/katia-in-lesbian-bdsm-electro
560,"
Steel Dildos and Electro
","
00:28:11
",https://bdsmstreak.com/video/18720/steel-dildos-and-electro
561,"
Electro Punishment and Bondage
","
00:17:04
",https://bdsmstreak.com/video/18622/electro-punishment-and-bondage
562,"
Chastity Femdom Domination
","
00:06:01
",https://bdsmstreak.com/video/18371/chastity-femdom-domination
563,"
Electro Punishment - Lesbian
","
00:28:09
",https://bdsmstreak.com/video/17872/electro-punishment-lesbian
564,"
Electro Play Punishment
","
00:21:31
",https://bdsmstreak.com/video/17680/electro-play-punishment
565,"
Shocking BDSM - Lesbian Electro Play
","
01:00:37
",https://bdsmstreak.com/video/17558/shocking-bdsm-lesbian-electro-play
566,"
Electro Dungeon Torture
","
01:08:58
",https://bdsmstreak.com/video/17446/electro-dungeon-torture
567,"
Squirting Slave - Electro Lesbian BDSM
","
00:27:30
",https://bdsmstreak.com/video/16999/squirting-slave-electro-lesbian-bdsm
568,"
Electro Anal Lesbian Slaves
","
00:45:10
",https://bdsmstreak.com/video/16866/electro-anal-lesbian-slaves
569,"
Asian subgirl electro and bondage - Lesbian
","
00:47:23
",https://bdsmstreak.com/video/16743/asian-subgirl-electro-and-bondage-lesbian
570,"
Electro and Ass Play
","
00:17:45
",https://bdsmstreak.com/video/16670/electro-and-ass-play
571,"
Mistress Electro Tortures her Slave Girl
","
00:24:09
",https://bdsmstreak.com/video/16471/mistress-electro-tortures-her-slave-girl
572,"
Lesbian Slave - Electro Tortured and Dominated
","
00:32:54
",https://bdsmstreak.com/video/16295/lesbian-slave-electro-tortured-and-dominated
573,"
Electro Anal Torture
","
00:05:41
",https://bdsmstreak.com/video/15888/electro-anal-torture
574,"
Electro Shocks and Torture - Lesbian
","
00:50:28
",https://bdsmstreak.com/video/15778/electro-shocks-and-torture-lesbian
575,"
Electro Lesbian Punishment BDSM
","
00:53:11
",https://bdsmstreak.com/video/15684/electro-lesbian-punishment-bdsm
576,"
Cattle Prod Torture
","
00:29:43
",https://bdsmstreak.com/video/15668/cattle-prod-torture
577,"
Electro and Catheter
","
00:01:15
",https://bdsmstreak.com/video/15549/electro-and-catheter
578,"
Lesbian Electro Torture and Face Sitting
","
00:21:10
",https://bdsmstreak.com/video/15231/lesbian-electro-torture-and-face-sitting
579,"
Electro Torture Pain
","
00:03:36
",https://bdsmstreak.com/video/14928/electro-torture-pain
580,"
Electro anal BDSM Punishment
","
00:30:07
",https://bdsmstreak.com/video/14830/electro-anal-bdsm-punishment
581,"
Lesbian Electro Torture and Abuse
","
00:15:59
",https://bdsmstreak.com/video/14790/lesbian-electro-torture-and-abuse
582,"
Hardcore and Sexy Lesbian Domination
","
01:00:21
",https://bdsmstreak.com/video/14526/hardcore-and-sexy-lesbian-domination
583,"
Femdom Whipping with Shock Collar
","
00:08:15
",https://bdsmstreak.com/video/14476/femdom-whipping-with-shock-collar
584,"
Pussy Punishment with violet Wand
","
00:03:54
",https://bdsmstreak.com/video/14341/pussy-punishment-with-violet-wand
585,"
Electro BDSM and Crying Submissives
","
00:05:06
",https://bdsmstreak.com/video/14259/electro-bdsm-and-crying-submissives
586,"
Electro Torture BDSM
","
00:48:43
",https://bdsmstreak.com/video/14062/electro-torture-bdsm
587,"
Lesbian Electro Punishment and Training
","
00:54:31
",https://bdsmstreak.com/video/14055/lesbian-electro-punishment-and-training
588,"
Hardcore Interrogation for Blonde
","
00:02:40
",https://bdsmstreak.com/video/13957/hardcore-interrogation-for-blonde
589,"
Electro Torture - Bondage and Punishment
","
00:41:30
",https://bdsmstreak.com/video/13919/electro-torture-bondage-and-punishment
590,"
Hot Wired Subgirl
","
00:47:51
",https://bdsmstreak.com/video/13241/hot-wired-subgirl
591,"
Electro Torture for Redhead slave
","
00:24:05
",https://bdsmstreak.com/video/13149/electro-torture-for-redhead-slave
592,"
Interrogated Electro
","
00:14:47
",https://bdsmstreak.com/video/13046/interrogated-electro
593,"
Electro Tortured Teen Slave
","
00:01:15
",https://bdsmstreak.com/video/12981/electro-tortured-teen-slave
594,"
Mistress Dani - cruel CBT with needles and electro
","
00:20:55
",https://bdsmstreak.com/video/12835/mistress-dani-cruel-cbt-with-needles-and-electro
595,"
Humiliated Slut's Electro Torture
","
00:03:36
",https://bdsmstreak.com/video/12834/humiliated-slut-s-electro-torture
596,"
Lesbian Electro - Bailey
","
00:19:46
",https://bdsmstreak.com/video/12815/lesbian-electro-bailey
597,"
Electro Torture - Japanese BDSM
","
00:06:20
",https://bdsmstreak.com/video/12751/electro-torture-japanese-bdsm
598,"
Electro BDSM
","
00:14:53
",https://bdsmstreak.com/video/12660/electro-bdsm
599,"
Extreme Electro Play from Queensnake
","
00:01:05
",https://bdsmstreak.com/video/12654/extreme-electro-play-from-queensnake
600,"
Electro Tortured Lesbian part 3
","
00:24:26
",https://bdsmstreak.com/video/12472/electro-tortured-lesbian-part-3
601,"
Lesbian Electro Punishment and Domination
","
00:21:24
",https://bdsmstreak.com/video/12455/lesbian-electro-punishment-and-domination
602,"
Latex Slave girl's Electric Anal Punishment
","
00:06:35
",https://bdsmstreak.com/video/12453/latex-slave-girl-s-electric-anal-punishment
603,"
Painful Electrons Queensnake
","
00:01:33
",https://bdsmstreak.com/video/11978/painful-electrons-queensnake
604,"
Lesbian punishment and electro torture
","
00:51:18
",https://bdsmstreak.com/video/11769/lesbian-punishment-and-electro-torture
605,"
Electro Shocked male slave entertaining house-wife
","
00:04:13
",https://bdsmstreak.com/video/11750/electro-shocked-male-slave-entertaining-house-wife
606,"
Femdom Electro Torture and Handjob
","
00:02:48
",https://bdsmstreak.com/video/11726/femdom-electro-torture-and-handjob
607,"
Electro Tortured Lesbian
","
00:29:45
",https://bdsmstreak.com/video/11714/electro-tortured-lesbian
608,"
Katja Kassin Electro Hogtie and suspension
","
00:09:08
",https://bdsmstreak.com/video/11531/katja-kassin-electro-hogtie-and-suspension
609,"
Enema electro and pussy torture
","
00:57:09
",https://bdsmstreak.com/video/11474/enema-electro-and-pussy-torture
610,"
Elegant Lesbian BDSM Punishment
","
00:51:47
",https://bdsmstreak.com/video/11415/elegant-lesbian-bdsm-punishment
611,"
Lesbian Electro Torture with Orgasms
","
00:48:52
",https://bdsmstreak.com/video/10906/lesbian-electro-torture-with-orgasms
612,"
Electro Torture BDSM and Bondage
","
00:56:40
",https://bdsmstreak.com/video/10893/electro-torture-bdsm-and-bondage
613,"
Electro BDSM - Lesbians
","
00:43:45
",https://bdsmstreak.com/video/10848/electro-bdsm-lesbians
614,"
Electro Torture and Orgasms
","
00:15:06
",https://bdsmstreak.com/video/10741/electro-torture-and-orgasms
615,"
Lesbian Electro Shocking
","
00:59:16
",https://bdsmstreak.com/video/10727/lesbian-electro-shocking
616,"
Two slave girls punishing each others
","
00:16:05
",https://bdsmstreak.com/video/10570/two-slave-girls-punishing-each-others
617,"
Electro Torture BDSM - Homemade
","
00:01:52
",https://bdsmstreak.com/video/10389/electro-torture-bdsm-homemade
618,"
Electro CBT and Milking
","
00:23:20
",https://bdsmstreak.com/video/10388/electro-cbt-and-milking
619,"
Lesbian Electro Torture
","
00:35:54
",https://bdsmstreak.com/video/10387/lesbian-electro-torture
620,"
Insex - Electro Torture
","
00:43:25
",https://bdsmstreak.com/video/10386/insex-electro-torture
621,"
Sissy bitch electrotortured with TENS
","
00:14:09
",https://bdsmstreak.com/video/10214/sissy-bitch-electrotortured-with-tens
622,"
Electro Torture - Lesbian BDSM
","
00:27:24
",https://bdsmstreak.com/video/10204/electro-torture-lesbian-bdsm
623,"
Femdom Electro Torture
","
00:14:53
",https://bdsmstreak.com/video/6694/femdom-electro-torture
624,"
Latex Mistress Femdom - CBT and Pain
","
00:06:21
",https://bdsmstreak.com/video/6669/latex-mistress-femdom-cbt-and-pain
625,"
Uretha Sounding with Electro torture
","
00:06:46
",https://bdsmstreak.com/video/6638/uretha-sounding-with-electro-torture
626,"
Electro for Milf Bitch
","
00:03:27
",https://bdsmstreak.com/video/6411/electro-for-milf-bitch
627,"
Lesbian BDSM - Electro Torture
","
00:10:12
",https://bdsmstreak.com/video/6360/lesbian-bdsm-electro-torture
628,"
Electro Shock Therapy
","
00:05:00
",https://bdsmstreak.com/video/6312/electro-shock-therapy
629,"
Very Hard Electro Play Caning and Cunt torture
","
00:12:28
",https://bdsmstreak.com/video/6275/very-hard-electro-play-caning-and-cunt-torture
630,"
Electro Torture Whip
","
00:18:52
",https://bdsmstreak.com/video/6076/electro-torture-whip
631,"
Vintage Electro Torture
","
00:00:35
",https://bdsmstreak.com/video/6072/vintage-electro-torture
632,"
Electro torture - Extreme
","
00:43:25
",https://bdsmstreak.com/video/6069/electro-torture-extreme
633,"
Electro Torture - Lesbians
","
00:35:54
",https://bdsmstreak.com/video/6068/electro-torture-lesbians
634,"
Cunt Brutally electro tortured
","
00:01:02
",https://bdsmstreak.com/video/4498/cunt-brutally-electro-tortured
635,"
Electro torture
","
00:23:21
",https://bdsmstreak.com/video/4032/electro-torture
636,"
 BDSM - Electro Tortured Slave Elise Graves
","
00:05:40
",https://bdsmstreak.com/video/4031/bdsm-electro-tortured-slave-elise-graves
637,"
Electro torture on the gyn - Chair
","
00:02:13
",https://bdsmstreak.com/video/4029/electro-torture-on-the-gyn-chair
638,"
Extreme CBT with Electro
","
00:08:32
",https://bdsmstreak.com/video/3960/extreme-cbt-with-electro
639,"
Sexy Sklavin in Knechtschaft 3
","
00:46:37
",https://bdsmstreak.com/video/3733/sexy-sklavin-in-knechtschaft-3
640,"
Amber Anal Electrocution
","
00:30:00
",https://bdsmstreak.com/video/3396/amber-anal-electrocution
641,"
Shocking Her Subs Pussy
","
00:05:00
",https://bdsmstreak.com/video/3340/shocking-her-subs-pussy
642,"
Kayce Cry, Little Pain Slut, Cry
","
00:01:07
",https://bdsmstreak.com/video/3165/kayce-cry-little-pain-slut-cry
643,"
Lesbian latex stocking electro play
","
00:12:01
",https://bdsmstreak.com/video/3065/lesbian-latex-stocking-electro-play
644,"
Ropes, Electro-Stim and a Fucking Machine Oh, My!
","
00:02:59
",https://bdsmstreak.com/video/3064/ropes-electro-stim-and-a-fucking-machine-oh-my
645,"
Japanese girl fucked to orgasms by electro stimulation
","
00:16:23
",https://bdsmstreak.com/video/3060/japanese-girl-fucked-to-orgasms-by-electro-stimulation
646,"
Cabra cega electro torture
","
00:01:27
",https://bdsmstreak.com/video/3059/cabra-cega-electro-torture
647,"
Lezdom electro play and whipping
","
00:12:04
",https://bdsmstreak.com/video/3058/lezdom-electro-play-and-whipping
648,"
Electro 1
","
00:00:22
",https://bdsmstreak.com/video/2732/electro-1
649,"
Electro Tortured Cunt
","
00:03:47
",https://bdsmstreak.com/video/2731/electro-tortured-cunt
650,"
Gasmask electro latex femdom
","
00:33:41
",https://bdsmstreak.com/video/2730/gasmask-electro-latex-femdom
651,"
Electro Torture
","
00:09:55
",https://bdsmstreak.com/video/1911/electro-torture
652,"
BDSM Slave Elise Graves Chained Whipped and Electro Tortured
","
00:05:40
",https://bdsmstreak.com/video/1905/bdsm-slave-elise-graves-chained-whipped-and-electro-tortured
653,"
Electro Anal Torture homemade
","
00:30:07
",https://bdsmstreak.com/video/1680/electro-anal-torture-homemade
654,"
Electric Shocker Torture for Sephora 's Tits and Pussy
","
00:04:24
",https://bdsmstreak.com/video/1185/electric-shocker-torture-for-sephora-039-s-tits-and-pussy
655,"
E-Torture
","
00:00:58
",https://bdsmstreak.com/video/1085/e-torture
656,"
E-play torture on the gyn - Chair
","
00:02:13
",https://bdsmstreak.com/video/1081/e-play-torture-on-the-gyn-chair
657,"
BDSM Latex - Electro Stimulation
","
00:13:52
",https://bdsmstreak.com/video/655/bdsm-latex-electro-stimulation
658,"
Hardcore BDSM - Electro Torture
","
00:03:17
",https://bdsmstreak.com/video/434/hardcore-bdsm-electro-torture
659,"
Electro stimulation and hot wax
","
00:06:56
",https://bdsmstreak.com/video/360/electro-stimulation-and-hot-wax
660,"
Electro Anal Torture punishment
","
00:30:07
",https://bdsmstreak.com/video/83/electro-anal-torture-punishment
